key,group,operators,designation,name,manufacturer,role,rotor_config,main_rotor_diameter_m,overall_length_m,length_basis,mtow_kg,tdp_diameter_m_override,tdp_basis,cleared_ring_m_override,hover_ceiling_ige_ft,hover_ceiling_oge_ft,data_status,source,notes
ca_ch146,canada,Canada (RCAF),CH-146,Griffon (Bell 412CF),Bell,utility,single,14.0,17.1,overall length as published,5397,,,,,,"verified (official operator page, 2026-10)",https://www.canada.ca/en/air-force/services/aircraft/412cf.html,Main tactical utility helicopter. Upgraded under the Griffon Limited Life Extension project.
ca_ch147f,canada,Canada (RCAF),CH-147F,Chinook,Boeing,heavy transport,tandem,18.28,30.18,rotor tip to rotor tip (fuselage 15.9 m),24494,,,,,,"verified (official operator page, 2026-10)",https://www.canada.ca/en/air-force/services/aircraft/ch-147f.html,"Rotor diameter is per rotor. Same type as the US CH-47F, heavier maximum gross weight."
ca_ch148,canada,Canada (RCAF/RCN),CH-148,Cyclone,Sikorsky,maritime,single,17.48,17.22,published length (not rotors turning),13000,,,,,,"verified (official operator page, 2026-10)",https://www.canada.ca/en/air-force/services/aircraft/ch-148.html,Overall length with rotors turning is not published on the source page; the footprint check uses the larger of rotor span and published length.
ca_ch149,canada,Canada (RCAF),CH-149,Cormorant (AW101),Leonardo,search and rescue,single,18.5,22.8,overall length as published,14600,,,,,,"verified (official operator page, 2026-10)",https://www.canada.ca/en/air-force/services/aircraft/ch-149.html,Same type as the AW101 Merlin.
us_uh60m,united_states,"US Army; also Poland, Greece, Turkey and others",UH-60M,Black Hawk,Sikorsky,utility,single,16.36,19.76,length with rotors turning,9979,50,"FM 3-21.38 (2006) TDP size categories, read from a training-material summary of the manual (stuvia.com doc 6665780); check against https://archive.org/download/MManuals/Fm3-21-38_2006PathfinderOperations.pdf",,,,reference only (not re-verified),"Public manufacturer / operator specifications, recalled for this release and NOT re-checked against the source: verify before relying on them",TDP 50 m: all 60 series.
us_hh60w,united_states,US Air Force,HH-60W,Jolly Green II,Sikorsky,combat search and rescue,single,16.36,19.76,length with rotors turning,10660,50,"FM 3-21.38 (2006) TDP size categories, read from a training-material summary of the manual (stuvia.com doc 6665780); check against https://archive.org/download/MManuals/Fm3-21-38_2006PathfinderOperations.pdf",,,,reference only (not re-verified),"Public manufacturer / operator specifications, recalled for this release and NOT re-checked against the source: verify before relying on them",UH-60M derivative; maximum weight approximate.
us_mh60r,united_states,US Navy,MH-60R,Seahawk,Sikorsky,maritime,single,16.36,19.76,length with rotors turning,10660,50,"FM 3-21.38 (2006) TDP size categories, read from a training-material summary of the manual (stuvia.com doc 6665780); check against https://archive.org/download/MManuals/Fm3-21-38_2006PathfinderOperations.pdf",,,,reference only (not re-verified),"Public manufacturer / operator specifications, recalled for this release and NOT re-checked against the source: verify before relying on them",TDP 50 m: SH-60 / MH-60.
us_uh72a,united_states,US Army,UH-72A,Lakota,Airbus Helicopters,light utility,single,11.0,13.03,overall length (approximate),3585,25,"FM 3-21.38 (2006) TDP size categories, read from a training-material summary of the manual (stuvia.com doc 6665780); check against https://archive.org/download/MManuals/Fm3-21-38_2006PathfinderOperations.pdf",,,,reference only (not re-verified),"Public manufacturer / operator specifications, recalled for this release and NOT re-checked against the source: verify before relying on them",Same airframe family as the H145.
us_ah64e,united_states,"US Army; also UK, Netherlands, Greece, Poland and others",AH-64E,Apache Guardian,Boeing,attack,single,14.63,17.76,length with rotors turning,10433,50,"FM 3-21.38 (2006) TDP size categories, read from a training-material summary of the manual (stuvia.com doc 6665780); check against https://archive.org/download/MManuals/Fm3-21-38_2006PathfinderOperations.pdf",,,,reference only (not re-verified),"Public manufacturer / operator specifications, recalled for this release and NOT re-checked against the source: verify before relying on them",TDP 50 m: AH-64.
us_ch47f,united_states,"US Army; also UK, Italy, Netherlands, Spain, Greece",CH-47F,Chinook,Boeing,heavy transport,tandem,18.29,30.1,length with rotors turning,22680,80,"FM 3-21.38 (2006) TDP size categories, read from a training-material summary of the manual (stuvia.com doc 6665780); check against https://archive.org/download/MManuals/Fm3-21-38_2006PathfinderOperations.pdf",,,,reference only (not re-verified),"Public manufacturer / operator specifications, recalled for this release and NOT re-checked against the source: verify before relying on them",TDP 80 m: all cargo aircraft. Rotor diameter is per rotor.
us_ch53e,united_states,US Marine Corps,CH-53E,Super Stallion,Sikorsky,heavy transport,single,24.08,30.2,length with rotors turning,33300,80,"FM 3-21.38 (2006) TDP size categories, read from a training-material summary of the manual (stuvia.com doc 6665780); check against https://archive.org/download/MManuals/Fm3-21-38_2006PathfinderOperations.pdf",,,,reference only (not re-verified),"Public manufacturer / operator specifications, recalled for this release and NOT re-checked against the source: verify before relying on them",TDP 80 m: all cargo aircraft.
us_ch53k,united_states,US Marine Corps,CH-53K,King Stallion,Sikorsky,heavy transport,single,24.08,30.2,length with rotors turning,39916,80,"FM 3-21.38 (2006) TDP size categories, read from a training-material summary of the manual (stuvia.com doc 6665780); check against https://archive.org/download/MManuals/Fm3-21-38_2006PathfinderOperations.pdf",,,,reference only (not re-verified),"Public manufacturer / operator specifications, recalled for this release and NOT re-checked against the source: verify before relying on them","Maximum weight as the 88,000 lb class."
us_uh1y,united_states,US Marine Corps,UH-1Y,Venom,Bell,utility,single,14.88,17.78,length with rotors turning,8391,35,"FM 3-21.38 (2006) TDP size categories, read from a training-material summary of the manual (stuvia.com doc 6665780); check against https://archive.org/download/MManuals/Fm3-21-38_2006PathfinderOperations.pdf",,,,reference only (not re-verified),"Public manufacturer / operator specifications, recalled for this release and NOT re-checked against the source: verify before relying on them",TDP 35 m: UH-1N / UH-1Y.
us_ah1z,united_states,US Marine Corps,AH-1Z,Viper,Bell,attack,single,14.63,17.8,length with rotors turning,8391,35,"FM 3-21.38 (2006) TDP size categories, read from a training-material summary of the manual (stuvia.com doc 6665780); check against https://archive.org/download/MManuals/Fm3-21-38_2006PathfinderOperations.pdf",,,,reference only (not re-verified),"Public manufacturer / operator specifications, recalled for this release and NOT re-checked against the source: verify before relying on them",TDP 35 m: AH-1W / AH-1Z.
us_uh1n,united_states,US Air Force (being replaced by the MH-139A),UH-1N,Twin Huey,Bell,utility,single,14.69,17.46,length with rotors turning,4763,35,"FM 3-21.38 (2006) TDP size categories, read from a training-material summary of the manual (stuvia.com doc 6665780); check against https://archive.org/download/MManuals/Fm3-21-38_2006PathfinderOperations.pdf",,,,reference only (not re-verified),"Public manufacturer / operator specifications, recalled for this release and NOT re-checked against the source: verify before relying on them",TDP 35 m: UH-1N / UH-1Y. Being retired.
us_mh139a,united_states,US Air Force,MH-139A,Grey Wolf (AW139),Leonardo / Boeing,utility,single,13.8,16.66,length with rotors turning,6400,,,,,,reference only (not re-verified),"Public manufacturer / operator specifications, recalled for this release and NOT re-checked against the source: verify before relying on them","AW139 baseline figures; the military variant may differ. No doctrine TDP is listed for it, so the weight class applies."
us_cv22b,united_states,US Air Force (AFSOC),CV-22B,Osprey,Bell / Boeing,special operations tiltrotor,tiltrotor,11.58,25.78,width with rotors turning,23859,80,"FM 3-21.38 (2006) TDP size categories, read from a training-material summary of the manual (stuvia.com doc 6665780); check against https://archive.org/download/MManuals/Fm3-21-38_2006PathfinderOperations.pdf",,,,reference only (not re-verified),"Public manufacturer / operator specifications, recalled for this release and NOT re-checked against the source: verify before relying on them","A tiltrotor, not a helicopter; the footprint is the width with rotors turning. TDP 80 m: MV/CV-22B. VTOL maximum weight."
eu_nh90,nato_europe,"France, Germany, Italy, Netherlands, Belgium, Norway, Spain, Greece and others",NH90,NH90 TTH,NHIndustries,medium utility / naval,single,16.3,19.56,length with rotors turning,10600,,,,,,reference only (not re-verified),"Public manufacturer / operator specifications, recalled for this release and NOT re-checked against the source: verify before relying on them",Tactical transport version.
eu_h225m,nato_europe,France; also other NATO members,H225M,Caracal,Airbus Helicopters,special operations / transport,single,16.2,19.5,overall length (approximate),11000,,,,,,reference only (not re-verified),"Public manufacturer / operator specifications, recalled for this release and NOT re-checked against the source: verify before relying on them",
eu_aw101,nato_europe,"United Kingdom, Italy, Denmark, Norway",AW101,Merlin,Leonardo,heavy utility,single,18.59,22.81,overall length,14600,,,,,,reference only (not re-verified),CH-149 figures verified on canada.ca and Wikipedia; Merlin variants differ in weight,Same airframe as the Canadian CH-149. Some variants have a higher maximum weight.
eu_ch53g,nato_europe,Germany,CH-53G/GS,CH-53G,Sikorsky / VFW,heavy transport,single,22.01,26.97,length with rotors turning,19100,,,,,,reference only (not re-verified),"Public manufacturer / operator specifications, recalled for this release and NOT re-checked against the source: verify before relying on them",Germany has ordered the CH-47F as its replacement.
eu_h145m,nato_europe,"Germany, Luxembourg, Hungary and others",H145M,H145M,Airbus Helicopters,light utility,single,11.0,13.0,overall length (approximate),3700,,,,,,reference only (not re-verified),"Public manufacturer / operator specifications, recalled for this release and NOT re-checked against the source: verify before relying on them",
eu_h135,nato_europe,"Germany, France and others",H135/H135M,H135,Airbus Helicopters,light utility / training,single,10.2,12.1,overall length (approximate),2980,,,,,,reference only (not re-verified),"Public manufacturer / operator specifications, recalled for this release and NOT re-checked against the source: verify before relying on them",
eu_tiger,nato_europe,"France, Germany, Spain",Tiger,Tiger HAP/UHT,Airbus Helicopters,attack,single,13.0,14.08,fuselage length (rotors-turning length is greater),6000,,,,,,reference only (not re-verified),"Public manufacturer / operator specifications, recalled for this release and NOT re-checked against the source: verify before relying on them",
eu_aw159,nato_europe,United Kingdom,AW159,Wildcat,Leonardo,maritime / battlefield,single,12.8,15.24,overall length,6000,,,,,,reference only (not re-verified),"Public manufacturer / operator specifications, recalled for this release and NOT re-checked against the source: verify before relying on them",
eu_mi17,nato_europe,Several NATO members in Central and Eastern Europe,Mi-8/Mi-17,Mi-17,Mil / Kazan,medium transport,single,21.3,25.35,length with rotors turning,13000,,,,,,reference only (not re-verified),"Public manufacturer / operator specifications, recalled for this release and NOT re-checked against the source: verify before relying on them",Soviet-designed; still operated by a number of NATO members.
